station_num,year,temp_ft,fog,rain,snow,hail,thunder,precip_in,max_temp_frnht,min_temp_frnht
10280,0.04022433091027548,-0.20376850516086523,0.02382175371298772,-0.0019549530468900606,-0.018173138288485453,0.4003214903008345,0.3571531051437385,0.04404744897983204,-0.0003519820557083969,0.00014787934624363105
10520,-0.028250791808268925,0.09016092690517052,0.061643652383693494,-0.11022632228187679,0.24932600699534105,-0.10537907098593542,1.143167764000409,0.09156837030215596,-0.00240204286602572,0.0026958384826837097
10590,-0.042000466087810065,0.28765948541803565,0.01854151694629008,-0.01414406856837373,-0.03576065379195358,0.05372325740141229,-0.4964972608585475,-0.07177653474665358,-0.00015705382255931655,-0.000384577447401311
10980,-0.004700072414406362,-0.35999442473666965,0.002536097761140315,-0.07046938312966447,-0.026511240774844746,0.5861090694988373,-0.01802035689749248,-0.053667796841737364,0.00047970990439070814,-0.0011304642208352918
10990,-0.18413625824233507,-0.21322037286331566,-0.012812567984711754,-0.10255637678209843,0.33233228698571915,0.0746447725901129,0.1107755851016258,0.0,0.00128219112772685,-0.0007896184731331743
11390,0.012895037287232323,-0.009995514453494652,0.009594447193429544,-0.15473771660730126,0.054556930724045084,0.0,0.0,0.0,4.6737991434185376e-07,-4.261185400018241e-06
11510,-0.048220193614304546,-0.13092881032098352,0.026431242586209942,-0.06665235594064765,0.017898135842332796,-0.17835910114281467,0.58854820691788,-3.3306690738754696e-16,0.0007909474993455859,-0.0004510850729704599
12410,-0.03078692434632899,-0.2689538123453401,-0.020461183502296743,0.004264137545304859,0.03585797536867419,0.025291533423459342,-0.0327531346497187,-0.026016551748510572,0.0007406889366705777,0.0006594489525185362
12900,0.01730719075946323,0.29700498159395006,0.008264950817980989,0.010193123810121196,-0.10655953378948166,-0.13351749533824997,1.3660400071282868,-16.23648974372971,-0.00021213300706126106,-0.0009222041549728759
13100,0.13814086890978095,0.0545334454974625,0.03818623610764279,-0.09649905219166055,-0.297304327708174,0.07504282068112579,-0.7019537372582543,-9.71445146547012e-17,-0.0003693060003730486,0.00019393258508176858
13230,0.0,0.0,0.0,0.0,0.0,0.0,0.0,0.0,0.0,0.0
13840,0.02267666442342213,0.09519353772560034,-0.020393061836544574,0.002843446007939545,0.028460686711112935,-0.03198813052097879,-0.13255969993609645,0.06908731008006719,0.0005708948734398599,-0.0007455890094023481
14080,0.022897773366276266,0.13285499832703335,0.024663416342008432,-0.0525494952917831,0.12891699655893415,-0.31063369393097234,0.08398663127494442,-0.004872466796589611,0.0008252352105473322,-0.00033048016553385655
14740,0.0,0.0,0.0,0.0,0.0,0.0,0.0,0.0,0.0,0.0
14825,0.0,0.0,0.0,0.0,0.0,0.0,0.0,0.0,0.0,0.0
20490,-0.09948106256710006,1.5238831161181812,0.10539819032120616,-0.06570635605036013,-0.023965919449210563,0.28659777344817977,0.2657404531271022,-0.2310024928632937,-0.00043582557327634733,-0.003265203060867819
21960,0.0,0.0,0.0,0.0,0.0,0.0,0.0,0.0,0.0,0.0
22590,-0.0739903215719926,-0.10206108933076694,-0.010135027532379572,0.02302708793471798,0.024208787336301454,-0.03167154507212351,-0.16462087776553805,0.0,3.721079999849386e-05,0.00024098037703142866
22860,0.02827525562260263,-0.6122249248151288,-0.01603600754095851,0.007154417619249872,0.05645462047456472,0.09240027108131185,-0.1373419736700856,-2.417830991772625,4.080432333745205e-05,0.0016006228514377045
24600,0.0818163510295268,0.28491464109471165,0.00798057051993851,-0.034344329199608004,0.19663190151986065,-0.1540967882211326,-0.14741003225329283,5.551115123125783e-17,0.0006122332446924506,0.0017092297852561722
24960,-0.05152750395339817,-0.05077332456412799,-0.0029058235941554432,-0.14518789342695773,0.06746242521670055,0.04033258010617533,0.3889908874735561,0.022173863044761967,-0.00022388753765117524,0.0005354168285511134
28450,0.05784552114620233,-0.2691481629690454,-0.00043821697302269725,0.010714698557793311,-0.01301357964163118,0.09308309629168783,-0.08719560189533913,0.011622013764984136,0.00019543111503042554,0.0004924814916538456
30050,0.24873321577011578,-2.539305657709515,-0.10916757807054338,-0.07208624588929216,0.0069256908098375945,-0.14570524518601544,-0.15881021325959296,0.11385059612279923,0.003520732993006509,-0.0005809615420161451
30170,0.057429039750532825,0.08986142481047057,-0.01977179104859642,0.003992090050238163,0.03354762331435905,-0.08008343239470633,0.16566243408365977,-0.06563748578237229,1.972896170242093e-05,-0.00025867934441056034
30750,0.0,0.0,0.0,0.0,0.0,0.0,0.0,0.0,0.0,0.0
30910,-0.13586558166259727,-0.7407119990797058,0.036181921797515386,0.0836390934993556,-0.4356769157494888,0.9920034448273811,0.44348042508997065,-0.08155615898338857,0.0016466141099171633,0.0009023545564154772
32610,-0.06146934328473046,-0.07947690044033577,-0.0024778607217135025,0.2192255811128419,-0.07840346637859474,0.7451599739959659,-0.16256759754754474,-0.019919015011564394,0.0003695177311732774,5.1012372018972396e-05
32635,0.17248244018436493,-0.5502732096356108,-0.023232489455124516,0.03943442678506788,-0.5618635198094966,0.27303024342411397,0.6433671897656479,1.1102230246251565e-16,-0.0006643091867623713,0.0010901355684110048
33735,-0.13687336990074042,-0.21420745724062057,0.004717298219426465,-0.014687091259659188,-0.009099229782756775,-0.08878704370449683,-0.7309676910405444,4.163336342344337e-17,-0.00016301786360943538,0.0007961959137812585
33770,-0.30194416040688027,-3.076254275361095,0.14368975597996536,-0.37086730512920024,-0.06342880399272147,-0.4019334662800852,-0.0763684965779721,-0.7377519965213115,0.007425360294429022,0.001547504880178574
35270,0.0,0.0,0.0,0.0,0.0,0.0,0.0,0.0,0.0,0.0
35413,0.010975186247099757,-0.22579309512201134,-0.006222376650686272,-0.08155825788875064,-0.024811929185276842,0.026404631165041978,0.24846674965046525,8.326672684688674e-17,-0.00038184177041649964,0.00075401440011863
37243,0.0589752187402887,-0.2843273215472156,-0.009226734872395004,-0.020318508897245215,-0.05716101882085528,0.056170724649737415,-0.21163318397447436,2.0816681711721685e-17,0.00018526041263787138,0.0003886076306369654
37490,0.06726076232900263,0.1739757080724322,0.01301916002267341,0.051437323359491166,0.02331963033554827,0.02728421263239896,-0.2234029052483307,-0.020921410458382667,-7.193917925242196e-05,-0.00019837970393100923
37970,0.15489672398479548,0.05102993068432604,-0.023673420849078787,0.0530509681194369,-0.1348133047915324,0.17993496325544164,-0.09120491241522136,0.05048669451963342,-0.00019732845409924614,-0.00011777024649039127
38915,0.03620312081878074,0.014861650211827466,0.020781446869507413,0.012336249409508676,-0.3432825581403781,0.07645217953909463,0.30107134730005014,-2.7755575615628914e-17,7.504379430314442e-05,2.2739920223092958e-05
38950,0.0,0.0,0.0,0.0,0.0,0.0,0.0,0.0,0.0,0.0
39550,0.024159428033475178,-0.13544914727876037,0.05167409121811409,0.07035829254290625,0.44358454740910364,0.30701429489874843,-0.06224708677530452,-0.09738263790911479,0.0004181428253882029,-0.0005853900075575916
40300,0.0009326317997939575,-0.0344306322013827,-0.017119772394073713,0.04989150234005126,-0.08334646513114972,0.005777536969393973,-9.80639180969689e-15,1.7020108957141402,0.0014919617293301054,-0.000858557100622351
40820,0.0,0.0,0.0,0.0,0.0,0.0,0.0,0.0,0.0,0.0
40890,0.0,0.0,0.0,0.0,0.0,0.0,0.0,0.0,0.0,0.0
60300,-0.01878488583616352,-0.18803625434678045,-0.013964517214738821,0.013346486476478318,-0.027905104102536417,0.06867981535296029,0.085442610400131,0.009832632251592036,0.00013985624079438513,-4.900449255370795e-05
60600,0.09653247944846235,-0.6752935084322962,0.016890090224274366,-0.06265605252035471,-0.14240976097594737,0.0759332571328685,0.18520758182754601,-0.012036645560070777,-0.0007448836416980732,0.0009162625033906774
60800,-0.003409514064361193,0.014479154936973247,0.011867056569735737,-0.05017326483908638,0.03079640353038386,-0.2494994873115599,0.3370861348168791,0.12056578265348332,-0.0004914112905827239,8.138899268544724e-05
61040,0.0,0.0,0.0,0.0,0.0,0.0,0.0,0.0,0.0,0.0
61200,-0.07137115219553543,-0.736403072967749,0.0011158040609771389,-0.042723622946382905,0.2702454376124605,-0.3575997935308857,3.051772509425931,-0.07090975485595935,0.0010977211707264393,0.00406988732437083
61590,-2.294070153025657e-16,-8.29041967454619e-16,-8.4500006818089e-17,3.937009138837988e-17,6.610583933551462e-17,0.20000000000000057,0.0,3.7523898376544407e-16,3.686287386450715e-18,-3.7947076036992655e-18
61700,-0.06198402445725702,0.13688272071647622,0.01643389330755015,0.019533241842550845,-0.044680827278145846,0.04221945038317322,-0.18824299635482428,0.0018563772549070575,0.0003547641999523156,-0.00046521485221649034
62400,0.08043839428047016,-0.13675236643238767,0.05344968007663837,-0.004848261745730793,-0.037493758971304636,-0.06077687130390161,0.002533441204691028,0.3108125659814804,0.0025772764339064697,-0.003353254577479828
63500,-0.040165309620457765,-0.04145838738115585,0.009112219764296768,-0.01200923594972346,0.005738920111917458,-0.011585777646969057,-0.007828324447209442,0.009495304321662354,-2.530171478410531e-05,0.0001991098528890435
64500,0.02012808185086283,0.3285781825670946,0.012772587943035906,0.008618716458867682,0.013259448046406164,0.013772217143873977,0.08698848461252158,-0.03938377872846259,0.0003666825413247317,-0.0009942049853163375
64760,0.1972433141694587,-0.024787786320486088,0.007067407134553814,-0.020669184124116807,0.010121652597548034,0.13852403961856416,-0.19800577652490645,0.0306898104804764,-0.0002544092683654242,0.0006285263240659311
64780,0.08946091796155713,5.243329401768435,0.04154002595873402,0.2594144830476312,0.7325939034186696,-0.7868572720552706,0.9748331288193327,0.07201409453465318,-4.642717253101544e-05,-0.005350371488909017
64900,0.1695901879116638,-0.8886535602227735,0.058455522588417304,0.057565258390744445,-0.2757358198536913,0.27569688685350313,-0.34150373628202907,-0.13058905952479796,-0.00019378703631875438,0.0007575916354360598
64960,-0.14409608202538704,-0.010716592672388864,0.08352167831312853,-0.09552366323503934,-0.10301272592854828,0.17418477757193632,-0.028348129530156856,-0.049074998932663996,-0.0006575629947783051,-0.0006086844705186637
65900,0.11351234410016141,-0.04032602342270732,-0.010891527626716423,-0.04324189582649085,-0.022430185296313538,0.02203008406489638,0.21101258093415637,0.06363651597045021,1.7015611289275043e-05,0.0003072094924155867
66140,-0.08462751227071394,-0.1674882183744082,-0.05565491506459839,-0.021325197794839178,0.7113270598151277,0.5495965104992114,0.0,0.3202487698715228,-0.001078895972127571,0.0024199316864274394
66303,-0.10833168814902414,0.28922529975679306,0.019080749040605628,0.04924692573658505,-0.12978106468176448,0.006860381334991032,-0.8229195106810403,1.1102230246251565e-16,0.000778636481248509,-0.0012851238750221485
66700,-0.040150853630031576,0.4730136520581553,0.006107781984240518,-0.06263866501845806,0.09276296943001244,0.09455783812675453,0.3256504375752384,-0.11167084765883717,-0.0015680182263843245,0.0012390135569055817
80290,0.01282127069798945,-0.15816773267301829,-0.021831375538382786,-0.003802608766977924,-0.02486647355839656,0.05089940483045024,0.3799080229162871,-0.0005769375506761239,5.4415690549883267e-05,0.00016561287955755297
80420,-0.058248274250312856,0.09454159984871578,0.02080943931894493,0.029918349637875912,-0.08433289262797893,-0.09322191812188352,-0.01272084502329444,-0.009072376731352846,0.0010332735956331204,-0.000571450797283872
80450,-0.07051736431727375,0.08136377131049619,-0.005134912849037167,-0.011636297579226285,0.05518837760723164,-0.005322475725971857,-0.032643828499323777,0.040530676073205325,0.0003913523853748928,-0.0009764077530279025
80850,0.07898280953532125,0.7436023634715713,0.01637238488396076,-0.12368282225912351,0.695946965777871,-0.04028819430408845,-0.02539710265112354,0.05178603719095555,-0.00045541063113020697,-0.00019576138236122864
81400,0.0,0.0,0.0,0.0,0.0,0.0,0.0,0.0,0.0,0.0
81600,-0.059313825312233344,0.3286460477431412,0.034752748248941256,0.0029444325551160402,0.05890366500898373,-0.022510874783993,-0.3991638373981248,-0.06293306071660579,-0.0001415351553042815,-0.0004671198078576161
81840,0.02099124403952128,-0.2090571281421231,-0.03940027029223588,0.04134720397958367,0.32798085637713453,0.06962540446044453,-0.08476381245457015,0.037911735324713494,0.00035500418164405995,0.00030308342541376584
82020,0.0171889976955711,0.9232815238332565,0.0037371950681370156,-0.11004491519777385,0.022899369285773644,0.06924494260079408,-1.2199523049939645,0.1613097261529544,0.0006550783021760575,-0.00042756700390738506
83060,-0.8001707324978387,-2.2118349082438487,-0.1566408937564833,0.8281735200531221,1.4095056149622724,-0.4059493068017002,3.681617399883953,-0.05329124827987597,0.0007623399311659229,0.002696163881297675
84490,0.0024510436806719268,0.0027691887991853526,0.002396868355615082,0.010562673956674831,0.021560806843737394,-0.0011058586055393788,0.03998166938956224,-0.06633001779584909,3.454408952507015e-06,-1.926658940729489e-05
85450,0.033955510451907686,-0.07473821171404468,0.014642846630077335,-0.07133761143121296,0.08578678059687478,-0.01890282006613092,-0.19344165958340354,0.007814841053058996,0.0003164364457970253,-0.0010760285319223206
101260,-0.22363551638951104,-0.20837828433397768,-0.02998961230504814,-0.002226780754780008,0.009923957963008977,-0.08388085093695329,0.18565781956888877,-0.0322519423588802,-0.0005424922009522604,0.001742452057214794
101720,-0.04170235894815058,-0.014018421004834658,-0.01196435391514733,-0.01295332039958779,0.07491183005239332,-0.04352359462450234,0.01952028870498759,-0.019884788295993067,-0.00029452757813118474,0.0003638119009263318
101935,-0.006321016147645846,-0.5235344993909528,-0.02759419516886891,-0.0410497940745826,-0.09929154893573283,0.04710502099784067,0.4857744456315758,-8.326672684688674e-17,-0.00017429585655142667,0.0006605564278254635
102810,-0.02947595000341014,-0.036588647301712726,-0.0025390660539958807,0.03363469964502925,-0.023551445613223317,-0.07792861840233897,0.0025712498750287286,0.012336699981764922,-0.0004914225369573013,9.371365187766756e-05
104160,-0.05387373467511882,-0.007200729745982412,-0.03829433307233305,0.07542910980559335,0.004249777795891086,-0.014631328625576959,0.375912843081692,-5.551115123125783e-17,-8.9383757015172e-05,0.0004037308116996471
104760,-0.06152314323629099,0.3722100172615572,-0.026010479669451345,0.15330759607404829,-0.01927004768772717,-0.04338380118976415,0.01710809753730002,-0.22612219708582465,-9.745113873665945e-06,0.0007539204566899445
106130,-0.5242419342494367,-1.068404706553792,-0.043561699028277286,0.022028997577726417,-0.06684231588106727,0.1304362517261394,-0.571255296882094,0.0999315259057845,-0.00040682145871084874,-0.00028959933908533075
106162,0.00191254262557886,-0.20575858818360937,-0.038961857728375876,-0.001298248416141441,-0.3292941447338351,-0.4040224481358097,0.395802101354508,0.0,0.007133257138661324,-0.006061816740405455
107275,0.009868131621822946,-0.1355092134865777,-0.008114052446340956,-0.0164285123325349,0.016204159640806827,0.010255542207143972,0.12924197624752445,2.0816681711721685e-17,6.773083921144708e-05,7.586433527059268e-05
111500,-0.01602519075849354,0.29436819114384016,-0.08177762354807942,0.061287600667087334,0.12085350471014246,-0.06332508356596749,0.37069352109486403,0.026997140992837513,-0.00037085750984669236,-0.0003191363952018616
112310,-0.06799654042023942,-0.018209643479779082,0.00018974894309252264,-0.013334517899903961,-0.024753314264365847,-0.06369569245135577,0.053119567698551654,-0.03069078844258618,-0.0004934921167819925,-0.0002815206079198855
113020,0.053167247952488395,-0.17584154023152324,-0.013157206300093096,-0.004927506307650087,0.07419975278070887,-0.0047445983294671056,-5.551115123125783e-17,-0.00813592357013852,0.00038838764889086164,0.00016864142995424037
121055,0.0009315145229982681,-0.007385793365292285,0.0006219040878470139,0.0026568650975851834,0.010666349244131082,-0.010878600159134394,-0.022565246846312746,-0.008621009228917452,-1.2834511300350223e-05,-9.732327192938238e-05
121150,0.03477354269506193,0.1809719444721954,-0.035248436494600216,0.03126465791037332,0.045476717615836916,0.0038728638157412123,0.0013914252161003208,0.03269388135151131,0.00020949534045540397,-0.000545464473838987
121360,0.0,0.0,0.0,0.0,0.0,0.0,0.0,0.0,0.0,0.0
121420,-0.05624487863061861,0.11901455734224074,0.01110485051228267,-0.01666746612023099,-0.0434351633846409,-0.09818388455495684,0.06970211131985643,-0.03735230889158589,0.0007028956326224842,-0.0006873525806962363
122950,-0.04007937621485525,-6.329115155106214,-0.14518552334657148,0.4791034199767584,-0.40372144857988446,-1.2065948704430787,-1.6872870858513564,-0.5002389615091283,-0.006955024550551858,0.018957114510423763
123260,-0.08968577969515208,-0.0007158173214444234,0.05417941198860687,-0.1469489299484861,-0.001240548949888191,-0.047641455753734185,0.03807193292083804,0.0006154563860889222,-0.0006825771182512516,0.000754312882308369
123760,0.6363053773938144,0.1919549282650332,-0.22730363978642762,0.48781664799070407,-0.3033972998779147,0.018553267127785527,-0.36312558816869356,-4.163017792043702,0.002309777002678311,-0.0022370575756654864
125000,0.0,0.0,0.0,0.0,0.0,0.0,0.0,0.0,0.0,0.0
125100,-0.02261697861861747,-0.1688866146857004,-0.018065308457972492,0.004723613492330922,0.001601041602392484,0.008822848508618083,-0.0013760227217563005,-0.029726775650776482,-0.00011379809335626198,0.00031887458252733856
125600,-0.030273239068920443,-0.4311836649111204,-0.012300837774334598,0.00869177044608634,-0.003951177033623791,-0.010007821342028803,-0.042449569679507804,0.002997276267424434,0.0008175073084355378,0.0003280610798413741
125660,-0.36605202760874517,-6.122743490111682,-0.12530800086041477,-0.08761406842932368,-0.20566778634090707,0.11730593912638738,2.1543184095444246,-0.4699546258650506,0.003373673327122656,0.015066250073866472
126500,0.017104406183152315,0.08040067637161173,0.0004278360313374948,0.010699098674800062,-0.034366680321402394,-0.0058493364991209175,-0.04300432967486966,-0.01682937244535812,-7.094043498433178e-07,-0.0019859078678992484
132725,-0.07773004551494526,0.024482268822321723,0.04101851736244523,-0.13773220618172777,-0.060126269608266475,-0.10381450600532133,-0.07669016850514213,0.0,0.000354274206501972,-0.00010705529418878357
133760,0.021597052109550353,0.3143066619200138,0.01005495017715113,-0.007558958183857324,-0.10310342378454057,-0.008305539702537307,0.01627804133093325,-0.001271304970667746,-0.0005514312989622471,-0.00035501553493646337
150140,-0.08147659144684738,-0.03604393623045352,-0.005993229446579879,-0.020520528335687918,0.06651323103382055,0.019722480032077404,-0.022550270680176156,-0.07725065648931843,-0.00021433133175872152,-0.00025127923507163385
150830,-0.012907518111881329,0.03727985981812525,-0.010372449603110592,0.04908713551517823,-0.007078440633562286,0.04355133800581514,0.03675071703171002,-0.001638546783905521,-0.00031636095738254717,0.0005152684989058373
151190,0.0,0.0,0.0,0.0,0.0,0.0,0.0,0.0,0.0,0.0
151500,0.05820130262223611,-0.2753941504166533,-0.020227231197068964,0.05290478073802499,-0.013171059001454112,-0.06980757389833937,-0.37794222804581806,0.017338892433300748,0.0002400393103597076,8.98353236674157e-05
152470,-0.08021504752003403,0.15646022852713062,-0.0005920513558084492,-0.004933297191969217,0.010042822621628486,-0.010087944331960448,0.314951097957358,0.04854971841876979,-0.00024126615638225823,-9.256479343769039e-05
155050,0.0,0.0,0.0,0.0,0.0,0.0,0.0,0.0,0.0,0.0
156150,-0.05510059545295927,0.786095784628845,0.04821678090059746,-0.03717308150315727,-0.023096421339533386,-0.09871146391565525,0.05419242252064679,-0.052147030423314894,0.0005760933481264371,-8.845110355504629e-06
160220,-0.17034919682701993,0.19939074051318936,-0.016031552408016413,0.05742896028631633,0.00950989620645695,0.02852458047523035,0.015601079035515834,-0.02413050969923871,0.00021508975873060993,-0.0011434915838009155
160590,0.09367310545938054,-0.5680979689451764,-0.041401280869159694,-0.03777502900207882,-0.0730503640435931,0.08817892050145677,-0.29120477204257045,0.027690500711247013,0.00025498858455838547,-0.0012893548296658754
160760,-0.10069355951591921,0.21787569564937367,0.05176032245818619,-0.12352777412979245,0.024355330646241975,-0.04874789823778693,0.26471787228284166,0.00016326539030317542,0.0003267442233103532,-0.0005267248012692932
160800,0.00652169020689851,0.276879561549602,-0.023264087355634445,-0.05085353250507827,0.15450546958554384,-0.024044761014655393,0.4767087431169738,0.051251854490664966,0.00029043504297786673,5.7712827039125056e-05
161050,-0.11967582526138092,-0.4039610516429377,-0.010645688530428847,-0.020668921856069507,0.17174071836809776,0.12758272968451428,-0.25325353463497774,0.06919824520038505,0.00023618514899167997,-0.0008542880732140476
161240,-0.09295745088088704,-0.13714433255251268,-0.01376908666339692,-0.007011948498508055,0.02480649658636888,0.011369654933769756,0.018940374104098042,-0.009274532827912794,-0.00016427789475561536,0.0006561417884911807
161400,0.0005948244905392229,-0.024063508825935137,0.018761726892932318,0.002169794241860047,0.03375800203477199,0.02141672816859524,-0.11041690649790231,-0.04751349726486711,-0.0001280465910532151,2.008251232606757e-05
161580,0.026016935000411533,-0.32912988650006897,-0.005761132884307399,-0.0068483305687811686,0.07095359157631964,0.038123163055152474,-0.00740530328932177,-0.04419437892699183,-0.0002059140976250068,-0.0002572978362304244
161700,0.0,0.0,0.0,0.0,0.0,0.0,0.0,0.0,0.0,0.0
161910,-0.06187707997372968,0.06429386496671217,0.011066594985402845,-0.0850797182754328,-0.45355132902882317,0.030987168151202373,0.17078288269463957,-0.013742062092311817,-0.0006737613682426952,6.147016326579074e-05
162210,-0.1830007213978228,0.5964686654622837,0.027620142022227047,0.07107720274525269,0.2503240894938412,0.05451155794901997,-0.052020305103762175,0.0,0.0001581407036016086,-0.00024516753750616904
162310,0.0007376979556289645,0.0012121367485800328,0.006669953093226262,0.0037952433769616522,0.00014462848255463332,6.501835209314237e-05,0.0007434534649460029,0.00038128726810194013,0.00019869536971754852,-0.00028609025996888184
163370,0.0,0.0,0.0,0.0,0.0,0.0,0.0,0.0,0.0,0.0
163440,-0.1336082051765771,-0.050538059519220274,0.00900811121036309,-0.03493063665496021,-0.17254500559597852,0.3489590647519786,0.04452397295832008,0.0797312539919492,-0.0034432165514407947,0.005212177286718363
164050,0.12533190084852164,-0.07051725999344487,0.03188283307496441,1.2148732023043944,-0.8003844755485008,0.15329668388058873,-2.240453627517682,0.0025362352948145525,0.0004786304196629093,-0.0012649740538200546
164594,0.0,0.0,0.0,0.0,0.0,0.0,0.0,0.0,0.0,0.0
164600,0.0019195192272124303,0.04146116469669252,-0.02615565600213056,0.2870067900374284,0.2355879738141234,0.13953536617430484,-0.568989398512432,-0.03818895037544426,0.0004972967992145385,-0.0002645482146236373
165970,0.1598165061624476,-2.0163832101581236,-0.07837790901302849,-0.3981543225473878,0.30845072931379125,0.041849846694396876,0.4681898688535606,0.1005110539165894,-0.001405571328700228,0.003098813533734597
170575,0.0,0.0,0.0,0.0,0.0,0.0,0.0,0.0,0.0,0.0
170960,0.028782845848325512,-0.1277462038394898,0.01348340720792146,-0.060047729498344034,-0.05034965574640489,-0.005935321890000018,0.00116929319023645,0.01309444032551364,0.0001297227173915269,0.0003540579532830511
170981,0.08664716310215853,0.06161605102071167,-0.0547872477466769,0.14969998505175275,-0.15489161667076004,0.09117348457379465,0.018875727064733117,0.0,-8.586023079895176e-05,0.00021331218513597982
171150,0.01617641184082518,-0.0990072879159832,-0.031899274402737404,0.012280795576327318,-0.2141543800849579,0.040871529340885004,-0.07614731387223404,0.02995753963464752,-0.00015665717268219736,-0.00023978892856074482
171280,-0.015417423837650846,0.10217569891486757,0.0067137750871673185,0.009282897267759655,-0.06055136268700955,0.04260974332981195,-0.017965436401970764,-0.05361318056846634,-0.0002895131949571502,-0.0006097950187831582
171900,0.015720463742470346,-0.01997797305866927,-0.006490281045990026,0.01661435424906534,0.1708545606121797,0.002116924708247335,-0.23591101817821059,0.010353491713062981,-4.0691855907709366e-05,2.7689996932895257e-05
171940,0.0,0.0,0.0,0.0,0.0,0.0,0.0,0.0,0.0,0.0
172005,0.0,0.0,0.0,0.0,0.0,0.0,0.0,0.0,0.0,0.0
172006,0.014055791082583027,-0.007311724965075706,0.00475989415154886,0.03091463949814949,0.003755123814878399,-0.018988774340354137,0.0028751753182404147,0.0,-0.00033624404258999276,0.0005566942739670312
172410,0.03253742308108665,-0.04927376774910501,0.0033698277982218087,-0.017117792733407147,-0.07942132243461755,-0.002332439814896688,-0.04907865075991406,-0.011618238785442173,-5.6584662007950275e-05,1.4386679233176701e-05
172440,0.0,0.0,0.0,0.0,0.0,0.0,0.0,0.0,0.0,0.0
172650,0.01661487625961536,0.032753689598523796,0.01616888163676031,0.01825287454857124,0.01681369688525203,-0.049167464983106736,0.0,0.009332561514364865,-3.576839224394457e-05,7.182650688090558e-05
172710,0.02448119648569907,-0.005203728553642365,-0.0016132723576709296,-0.006018082724690331,0.011688650013327804,0.021724705054988323,0.00050860170880465,0.05534725409024699,-0.00020972907422730851,0.00013921838538626701
172820,0.040654553043529724,0.0029976753140372723,0.0047515370005712,0.008382802896502594,0.008765709169024041,0.012373625796883636,-0.38894683854183887,-0.014634347624175325,-4.3456228546547016e-05,1.3040544923417774e-07
172910,0.09886172417658545,0.018682260557553114,0.003055809781773604,0.015675173541225093,0.06566034645695294,-0.07347716299037561,-0.024878496295871643,0.0155458758470893,-0.0010027075772178463,0.0017845937825163333
225500,-0.14861579099194816,0.02599419730144489,0.055870533883631265,0.03488263450752557,-0.03378380518840613,0.010131401926114992,0.7856874703876241,-0.026571131653759815,-0.0014173105975655853,0.0003795411774851487
228920,-0.18362535910945144,0.1118484876297746,-0.013042321343662153,-0.2948217309991106,-0.11746575532519371,0.6783913829099846,-2.144776952377753,-0.19933257761619916,-0.005258160531840611,0.002825467407399404
230780,-0.016239545081276816,0.009492993762553747,0.012481386158887817,-0.018446254307115727,-0.012969002891387874,-0.013278673630781045,0.0,0.036616036782298064,0.0012862919385614646,-0.0011130514445138007
245070,-0.135944823544772,0.41404643958213594,0.038297482508480446,0.02079378678168355,-0.05958125884265778,-0.1969814913053172,0.11259449718828397,-0.049958483357222534,-0.000941550920552911,-0.0005237338829227889
255940,0.03888592913873401,0.04613560186555105,0.00799450492132554,0.06984216264953469,0.07853685741206287,0.0197185297027705,0.0,0.06746991543361348,0.00019046923735002112,-0.0008838087093857698
267020,-0.0009747403526126117,0.014547976242252594,0.020331352559414973,-0.004780241808588397,-0.03372203005391289,-0.052102905932592,-0.008394795045101478,-0.009771304040645428,0.00037739094503132936,-0.0006422247761127386
267300,0.005879179476890384,-0.12449522588384179,0.014751787472226397,0.03207256518435315,-0.022179544035101514,0.07028827297102398,0.01443923895533962,-0.06490951054159959,0.000585638694228118,-4.357833848083609e-05
269970,-0.00816666689591552,-0.1936425644872095,0.0012444220111171931,0.0130559469442563,0.06144871215245187,-0.07466260312758674,-0.7671902440516604,-0.013488650172459917,-0.00020640349027131397,0.00022231066268036228
275155,-0.025430518396310484,-0.23777332098006604,-0.008120957158369357,0.02826206797837047,-0.03103318722357697,0.03889952812799266,-0.19767639946121315,0.004679030085617231,-0.00016375249793939423,0.00022036161065109097
279620,-0.0848168253892066,0.1313051166169717,-0.01381404620055559,0.016315296589593697,-9.131683708977329e-05,0.057000299197872445,-0.5085144255858685,0.014319965873432023,-0.0008007286817707931,0.001114516222398415
286420,-0.17149150889070852,0.8266932569323354,0.04894428454242542,-0.05359136331132081,-0.08548076837450198,0.10828085727697678,-0.11957169180973573,-2.713443441447775,-0.000210399848145984,-0.002053625089665806
298460,-0.3473969700380794,-0.0042971911042865045,0.0040689141528629635,0.15565119962839385,0.4468053568774502,0.03739604836436038,0.32920396215889086,-0.3772469505399016,0.0027202725136571495,-0.004233642555223957
306860,0.0878071663065664,-0.05356856035883804,-0.009174513963180468,-0.08399404343112266,0.29313186023420706,-0.01154052102272002,0.099952044759209,-0.02933472190143923,2.0890911491827943e-05,0.00017069363213949515
310410,0.0,0.0,0.0,0.0,0.0,0.0,0.0,0.0,0.0,0.0
313690,-0.1519289082989794,0.8899050365030661,0.022943476970991725,-0.03866153395001021,-0.1448875977447358,0.23724146143877914,0.28546527074180134,0.16993705454730942,-0.0009278635120664736,-0.00033438186928984315
316240,0.09717363245863908,-0.0016544504028148527,-0.021764038648822717,-0.01565345063088286,-0.3291933046174942,-0.0077206575675283886,0.028136729338482297,-0.02798749967369114,-0.0009252119076646817,-2.427875192390072e-05
330003,0.16363770019915785,0.06661049647342213,0.020565599066785744,-0.009500176882432312,-0.04763369767963992,0.020738009459561405,0.13831150540218093,0.0,5.610359608868133e-05,-0.00032398370829429135
333010,0.02098498377371638,0.010140134425762014,0.0014363425526691695,-0.020217069787363637,-0.041248025455268914,0.009969877348067578,0.06466541289929377,-0.03095345944684987,-0.0004151455759964422,0.0010124524001930194
333012,-0.25045062349460806,-0.20029707588954265,-0.015285534127175114,0.038631935835193074,0.1781428458533453,-0.07226632824333831,-0.13301019767236005,0.0012463434196265453,0.000375061821094462,-0.00018288386564186277
337610,-0.08330063325743353,-0.10817725261114046,-0.040975464625001026,0.02809748810022579,-0.13775254166266077,0.01692627397155571,0.19237056886762602,0.03506889537384201,0.0003328459833172921,-2.3964779509387177e-05
338370,-0.081831513862504,0.2985575012944299,-0.04237354601293711,0.1037534837109628,-0.07373226507520225,0.13414620604805594,0.09372995597515109,-0.1492169747380923,0.0011120436807748998,0.0009601930970744529
340030,0.0,0.0,0.0,0.0,0.0,0.0,0.0,0.0,0.0,0.0
345190,0.0,0.0,0.0,0.0,0.0,0.0,0.0,0.0,0.0,0.0
346010,-0.20154814962805206,0.7138724855629324,-0.011229738779492264,0.1070503299429639,0.05373318336117009,0.07797700642163481,-0.1078289585037561,-0.11106521867939807,0.0010143952165233144,-0.0020473472342528165
348610,0.12315471679180165,0.1740793059543734,-0.15061935203819676,0.1076279296937316,0.05973244473469714,0.08925750727535675,6.938893903907228e-17,0.27829222993887226,-0.0007168886104649359,0.0016664517520409065
349290,-0.06227522676864579,0.03791519531190623,0.024224402951503868,-0.04559372670809495,-0.038481773198422976,-0.040396353212022604,0.09925879803524541,-0.18510167296870675,-2.677472426259762e-05,-0.0004707761265913437
349490,-0.0989899146819632,0.5640852418162244,0.03586180468957141,-0.07557901707408603,-0.02931104205656467,0.09913845116581316,-0.02352809704945546,0.02551414868002381,-0.0015083719736742052,-0.0010143433852151038
350675,-0.15495069564146008,-0.03176928433567183,-0.012156152106120494,0.07605951719596905,0.03082092014539077,-0.014782652888707424,0.1828892676599183,0.0,-0.00023474919295245352,-0.00014314331692459793
351080,-0.08294257453722986,-0.048329865442174505,0.00712973493861365,-0.009902284017837786,0.029108747357860065,0.09336111855149148,-0.8072755404694897,0.04972572456009892,-0.0004047862481617488,-0.0007499112899795601
381415,-0.06647628890046768,-0.016280153741964645,0.0007187342280778831,-0.04605154936719102,0.05595065320011662,0.11143233769945697,-0.03924280703884863,0.0,0.00030472088567616687,-0.0004300091814490833
381417,-0.038694464640594686,-0.10159419569483255,-0.025915121801692077,0.021879057479568635,0.2542155174432308,-0.02831196750971818,0.0,0.0,-0.00010919694611701578,0.0002674937778347985
384750,-0.013274265777669804,0.00875507224026459,-0.06550619778116362,-0.030348280724414253,-0.0038377445936019815,0.0015950141509901707,0.0,0.0,0.0072262141440046735,-0.009097611202862716
385990,0.07997699044126083,0.0009628538763894479,-0.04140196297607874,0.07061653060457843,-0.061943811869572755,0.0858460829178884,0.13250564279575147,0.020095599827839403,-0.0004378944371398463,0.0006652260122808479
386110,0.050200388741641226,-0.1098252476460112,-0.029290805912271366,0.050632839803843935,0.04009411243983586,-0.029692545227962046,-8.326672684688674e-17,0.06305637539086391,6.712697818467197e-05,0.0002076245635933699
388360,-0.01208611279566659,0.16966850361944144,0.018049347495082847,-0.012287945327034948,0.0005812208396063913,-0.040755814452580114,-0.14290231690266092,0.0005484722200089311,0.00023627338988952903,-0.00034297646977487356
388800,-0.0928005743881252,0.14034846440440255,-0.009404644093630378,-0.01447217902993778,-0.015085094967820362,0.08442092643536962,-0.6465293796746314,0.16609771690349423,-0.00024159696649899093,-0.000498061925271749
400800,0.07373803345389342,0.11474459649404213,0.006179366734344748,0.10488415677200577,-0.0693294449418525,-0.1429259478528218,-0.07275262246009224,0.04239672606125933,0.0005520013236918419,-0.001273289731721146
407825,-0.22190701603534985,0.0072740899740616274,-0.04472946915734119,-0.006101363000650484,-0.04408955461183155,-0.09831930991668984,-0.10885064455583382,0.1377063208653434,0.004244261990209912,-0.005794387258077952
408000,-0.31590314095861527,0.13176924205886287,-0.04966591067292503,0.0692007380009694,0.08864127754179801,0.5117740185791587,0.865011764658677,0.024791136289233358,0.0007293957526279815,-0.0008719385545467029
409130,-2.288221143698835e-06,-3.044372630500774e-05,8.147685794101603e-05,1.3729326862193526e-05,4.576442287397843e-06,-2.2882211436989213e-06,0.0,0.0,-0.0006701488827118827,0.0013897376210046768
416410,0.022631322468286592,0.07736491324268181,0.01876224591322907,-0.1140748283619542,0.01876955908008862,-0.03282291738671111,0.06857913572155684,-0.034088355193330595,5.595721202186245e-06,0.00025935522251476287
419330,0.0,0.0,0.0,0.0,0.0,0.0,0.0,0.0,0.0,0.0
420710,-0.0947640297666038,0.0218744239126842,0.05444202904936554,-0.3309063684875644,-0.36146250584371803,-0.001477740710039315,0.33752585634989796,-0.048536189609200475,2.045518209799641e-05,0.0003225410949654202
421810,-0.0012342618970315202,0.03443991233378511,-0.008453782935203248,0.12271533704286273,4.163336342344337e-17,0.04119450379821914,0.007671324744693671,1.3877787807814457e-17,3.213503022153207e-05,-9.227849476713988e-05
421820,0.0,0.0,0.0,0.0,0.0,0.0,0.0,0.0,0.0,0.0
424790,0.0012411439839669792,0.004537924582973321,-0.00183319167171449,-0.014471761305639704,-0.015516533576748018,0.002059885782187278,0.033070321743168346,0.025545289264018792,-1.0990848003726052e-05,-4.363602789859977e-06
433025,0.0,0.0,0.0,0.0,0.0,0.0,0.0,0.0,0.0,0.0
444740,0.0,0.0,0.0,0.0,0.0,0.0,0.0,0.0,0.0,0.0
471131,-0.04000492995483716,-0.010636836455828908,0.0041729243186631165,0.003010518859881442,-0.026147928193397164,-0.022143504653550212,-0.02996945435947988,1.734723475976807e-18,-7.560220833151526e-05,-3.2442818254614644e-05
471190,-0.08608983985854309,-0.21718442876852329,-0.10630557886635696,0.10242777564612715,0.8845754581159114,-0.018923935677569566,2.0400534749378667,-0.006102934181822665,-0.00026704249807404934,0.0005681086227187146
471270,-0.02839084960401923,-0.555537860060103,-0.023445090395416375,0.05783168873781201,0.05026248225718286,0.021182001232999546,-0.21289498739780469,0.025049450120304444,-0.0001387382802177546,0.0006402301545442163
471460,-0.2806362470820845,-1.717435338093823,0.027433124180771377,0.5504797565044017,-4.663811678551764,0.017396832664568873,0.18360505117813708,-0.0929962563021401,0.0004682117977846123,0.0014597471387043856
471610,0.02583720125025619,0.005407400530500023,-0.009999139837765778,-0.0038347344317426193,0.0,0.0006901850594341105,0.001981243116061875,-0.03413581953958561,-4.249538157726759e-05,0.0003106771046871553
471680,-0.017342354280037182,0.0869482305954435,0.0038890038520504166,0.05885323332507758,0.35392331629695983,0.1812856021066751,-0.5023908922339455,-0.009487764413795287,-0.00032759934643072095,0.0004555435915341839
476860,-0.09154467486022344,0.26765131094915573,-0.015944993723159516,-0.026288436004480362,0.0849880140328795,0.07491999375731652,-0.13239609203399266,7.632783294297951e-17,-0.0001991826713405448,-0.0007647478066141605
477040,0.04268566665632285,0.0464108319808609,0.005424055660902861,-0.06506073568803958,-0.014418096774404749,0.02314268826481502,-0.04212688829583626,0.0,-0.0005410395068440252,0.0008996231652316534
477270,0.005246196448009608,0.287897566132617,0.00911485905852391,0.044859373873230406,0.02093675123420752,0.030890692009684674,-0.12466493057145324,17.041308545006174,-0.00010861561396623576,-0.0003120864932947855
478540,-0.0214974020567356,0.029855884286155366,0.012978779633990141,-0.016115103765382378,4.5102810375396984e-17,-0.01227962795245562,0.04504058132629822,-3.469446951953614e-18,-0.00037455328351065215,0.00017002850202828441
479310,0.10802669351481196,0.08953210773650001,0.004596451259647077,0.005910981163236169,2.2854981795994433e-16,0.0954195284237329,-0.1911077613174661,0.026471278369466993,-0.0005190980549350478,-0.0008368564069629603
479330,-0.00515107554821462,-0.016038877439126676,-0.003582043242144693,-0.0005683871312536436,-1.0061396160665481e-16,0.0004612955232109399,0.0670854580344194,0.0009234004185581085,6.262374934928525e-06,-4.9148285034264364e-05
483040,0.12115235427742573,-0.010705038517074538,-0.00019180655946595448,-0.02213457461691856,-2.0816681711721685e-17,0.04665860801599012,-0.015498502140145512,-0.0021557399980328086,-5.1452960560338486e-05,-4.2079368930992914e-05
485670,-0.023035687931839147,-0.20802277442871697,-0.011513007064969268,0.01661410642993347,-1.7694179454963432e-16,0.026987239905040886,-0.014741484962329103,-0.0005465973931968195,1.855550728650443e-05,-7.482833444133474e-05
489250,-0.000572421136164402,0.08332625774418956,0.02596741823118197,-0.0006319377507521066,-0.1672122232044481,-0.06257774107302724,0.024199152065923456,-0.002283251352855192,-0.00015795812355492826,5.734481138268082e-05
535880,0.0033411302500778698,0.16850974567478103,-0.013846566121175559,0.02671111333712778,0.03799240121783278,-0.0009418332400649357,0.05487049522504148,0.035292412931722375,-4.4587796477396635e-05,0.0001793453623720851
600330,0.0005851674215539315,0.28627515200744735,-0.011245084675958892,0.025748721610217927,-1.3877787807814457e-16,-0.12131173183577,-0.6488861291407343,-0.15337169107050871,-0.00010235864200370984,0.00017273533828095797
601560,0.06333186808473673,-0.3577886449088597,0.010932142733243824,-0.049322946641515944,-0.13577809941573477,0.38724296418103926,0.33858611752840195,-0.17709426013089313,-0.00016522396837209685,0.0004586532979734617
603380,0.0188101555851546,0.27411524417723204,-0.020390019443869745,0.5559288900889918,-0.16808465466779984,-0.03844044470813831,-1.5265566588595902e-16,-0.055270919522613045,0.0007154133185106864,0.0004178730593759183
603600,-0.02938155391916494,0.46051074994414826,0.008232299059194967,0.33340494943563304,-0.6300926192387493,0.0544884955041802,0.34450007970659235,0.03414567817373182,-0.0004450429178826223,0.0011335408918845358
604190,-0.09597616141116823,0.3645464386951036,0.056825107427087414,-0.02266825533909146,0.07795100914326425,-0.12175530771127784,-0.3046543841451941,0.012359210734434719,0.0007724824136810388,-0.002121121033090416
607350,-0.0017751214956434616,0.1573830128931872,0.0276241078894174,-0.188686087034405,0.5531093714237767,0.11114321839424128,0.6679595110793581,-0.20463948480508906,-0.00031879710886242624,0.00033317870973092583
612910,-0.00730085175862973,-0.0007230827336844755,0.015531713864515123,0.048195850311625814,-0.01713145306129514,-0.00807463648033043,0.091477828296398,-0.010624519906309925,-0.0003026047855939673,0.00032943586978503023
618200,-0.021984262902552485,0.0037865121723879994,-0.06344046725168531,-0.012356365261605122,0.0,0.03848625427995862,0.015092537072634821,0.02648133023587318,0.0016242947549151372,-0.0015317099766410777
618490,-0.030171840692833244,-0.037641041622100614,0.06865247607689408,0.04835137912594804,-2.7755575615628914e-17,-0.1567572364345067,-0.1134050711192213,-0.0012114596172481948,-0.0005791591097634484,0.00037134678924490786
620100,0.0,0.0,0.0,0.0,0.0,0.0,0.0,0.0,0.0,0.0
620530,0.034667837344359256,0.16577337995205846,0.017319223491396897,-0.08697791763220508,0.03840160712746967,-0.13530463667627518,0.0,0.05741005895250057,8.820132920556306e-05,-0.00026280981925272515
624400,0.19130285640843692,-0.02470933887102899,0.012904628059250673,1.326043515936167,-0.016994485295137213,2.0034799755703387,5.551115123125783e-16,-0.12263466162477174,-0.0003263899232407705,-0.00016082571711169275
636410,-0.16077711610606685,0.22727677021947493,-0.026866481428453562,0.028208004836991755,-0.044518094230755464,0.37890876187146183,0.0022067127492224232,-0.06842955022610572,0.00033606414529187403,-0.00040016207768913824
637020,0.001677420028801455,0.06308514927138967,0.02267339061578592,-0.15773870247972321,-9.71445146547012e-17,0.05242485834299078,-0.021658349599285833,-0.029235890358968446,0.00039502465223817114,-0.0007391017607026423
637420,-0.005991443851323663,-0.13702391959824983,0.015250586932691376,-0.0715481688662886,0.9253770189151956,0.029676289060613033,-0.09391681272269704,0.0021493730424790207,-0.00035451960914183785,0.0004416075225299877
643870,0.12335180589537893,-0.012387508208867236,0.08647884989414062,-0.12455646922100344,2.016204966300487,-0.1668281990229193,0.04500531965384411,-0.011790780537023234,0.0004484421015363005,-0.0007343668457603925
644600,-0.017625638630849684,-0.014345227461200557,-0.009837026048671803,-0.006764364175653057,0.0022284738352122556,0.003426214768001549,-0.018977184124525894,-0.008854800586491117,0.00013590571572048661,-1.0035900581431106e-06
644620,0.0,0.0,0.0,0.0,0.0,0.0,0.0,0.0,0.0,0.0
645510,-0.007366454574967446,0.040125884450355934,0.0005844564374598291,0.3329228493232931,-0.08924609190938411,0.004204521936753613,-0.07774303133792676,-0.0006058221329047042,-8.180018399008091e-05,8.12987545785555e-05
645520,0.0,0.0,0.0,0.0,0.0,0.0,0.0,0.0,0.0,0.0
645700,0.0,0.0,0.0,0.0,0.0,0.0,0.0,0.0,0.0,0.0
646000,0.0,0.0,0.0,0.0,0.0,0.0,0.0,0.0,0.0,0.0
652290,0.009987898387858147,0.2739092081284566,-0.10642254157266354,5.551115123125783e-17,0.0,0.09134343237106832,0.06342877195796212,0.14046403767713211,-0.0017336364468871625,0.0018553800958468506
655550,-0.0023819271467567364,0.00112369984252222,-0.013966768988722423,-0.0017839923460829098,0.00026897750748665133,-0.005488052408276551,0.00032429880741793166,0.0054180161522147,-0.0011622042309288167,0.001669164159339833
655620,0.24199209740895936,0.2141814218777787,0.07663227690669949,-0.11632692212123064,-0.0014287095499985786,-0.0063032311221625295,-0.058620388510999995,0.12180212023696867,0.0009471828023677666,-0.0019725197423381123
670830,0.0,0.0,0.0,0.0,0.0,0.0,0.0,0.0,0.0,0.0
671370,0.06535932254465615,-0.3349036839023931,0.009683528141348848,0.02010867398810044,-0.19464117123728295,-0.07272984050295576,-0.08479810114445205,0.09161108384078422,-0.0005572102460149816,0.0005399719912874065
672170,0.007037557188948577,0.046146072101801626,0.009567417540531517,-0.04138929579470675,0.0736174740955186,-0.03058620781489074,0.05107060107561908,-0.01388011463641167,0.0003871845030762649,-0.0004806409650656321
672800,0.012081228469559275,-0.004107309602616245,-0.041232373793384236,-0.016106717171104193,0.0,0.019715742634342857,-0.0010555896442426926,0.06629066492848124,0.00034005974268101893,-0.00024874396359411157
683960,0.0,0.0,0.0,0.0,0.0,0.0,0.0,0.0,0.0,0.0
702735,0.062423361617890624,-0.24800836526740877,-0.02375447757798214,0.058596756394609345,0.031166540704783325,0.1867829719251035,1.3877787807814457e-17,0.0789370788934436,-0.0003918302882389216,0.0008777870462291781
702758,-0.03201685762518482,-0.0344931861266692,0.0025661419679925152,-0.0330920552065331,0.11356025823244045,0.016486171564421438,0.0,0.0,-0.0011307450502081834,0.000799133049152687
702915,-0.008827090786280231,0.0074914928383122675,-0.02065078486739914,-0.011818766496656726,-0.022890913109790675,-0.0019484186570116755,-0.0014134004332013394,0.0009840380450217919,-0.0002927193277265949,0.00040623851276703853
703080,-0.05905998818029648,0.2919577894449641,0.005384937118907708,-0.031214586822165026,0.012522585802606945,-0.05919737128318887,1.0709924006488205,-0.10095814266292595,-0.0009968147310175212,-0.00014226307544499411
703160,-0.07238743871883208,0.38645004574643815,0.05154048602377665,-0.014419340768994579,0.00032651750371155003,-1.126156112748902,-2.054865963627015,0.04635596238135628,0.0001336089977993964,-0.0010050333936848588
703710,-0.17648160728176335,0.032316773156530976,-0.0011115026412153724,-0.014258981146537807,-0.018958009587855873,0.022399521793760584,0.2284910348723474,-0.004131266398715812,0.00020985670209282964,-0.000450707886232804
710934,0.0,0.0,0.0,0.0,0.0,0.0,0.0,0.0,0.0,0.0
711230,0.017782882158193444,-0.17843752142826327,0.007907122864496246,0.010297827902235606,-0.04384025538752287,0.0180591102729098,0.0245369378635559,-0.017679275909766198,-0.0010037399551963838,0.0002946833089712553
711750,0.08305431403062842,0.03028356044481846,0.015557190970998775,-0.017426009732031428,0.21353627575933212,-0.06130883446161172,-0.13132964454049526,-0.0529278258072194,0.00035482920652728255,-0.0020905803456967333
712630,0.0,0.0,0.0,0.0,0.0,0.0,0.0,0.0,0.0,0.0
712670,0.0529453890481927,0.02504950561781413,0.0296339265665604,-0.06784967410261018,-0.02026953270880441,0.04070487264464141,0.010750930266061129,-0.10024301903002658,-0.00030630711015741213,0.00046736694566196923
716030,-0.017115239177263125,0.004342968140174224,0.02210161295773684,-0.14932605618309527,-0.04400346545115463,-0.003573472018931411,0.28375674693063796,0.1467135880936627,0.00039699316652720777,-0.0009439667264612081
716090,-0.03185014763884714,-0.48945905598368633,-0.02337466165941711,-0.01877107601358446,0.0005384095960346551,-0.574613558564558,0.27850931434095244,0.0763720132939848,0.0009226224451124726,0.0003763889003383387
716280,-0.23288917814577187,0.3565280612342596,0.011849991724808164,-0.056097702651103046,-0.2605489189319095,0.08834869810153663,-0.14960206735487244,-0.06121666429485087,0.0006914141265603501,-0.0012700801784852743
717060,0.17415903256067777,-0.2167714183480361,0.06512037401794331,-0.013091629059715441,-0.05814481111329691,0.11181079234393006,-0.016360238667765148,-0.061692006956744365,-0.00023767296848333126,5.117413892255507e-05
717300,-0.013783926201750379,-0.42782567154064316,-0.0029598655387372153,-0.05689438338384512,0.09694507636218659,-0.08285916588678359,-0.01973587509865708,0.001789544187130128,2.586221062911634e-05,0.0008823245439230073
717310,-0.02220402179971083,0.018325662490597795,0.008427885590145545,0.01447519077333484,0.016654350379893244,-0.0043402641307340286,-0.061118728035975727,-0.02836478976050918,-0.00013975222930817663,-0.00015124636025974799
718110,0.0069084747807364325,-0.04696835312795624,-0.003716839642380074,0.0103134096591929,0.001268772989398163,-0.033771571731132564,-0.028203779594102477,0.024577587413679623,6.800442176538345e-05,4.808286007718413e-05
718432,0.309268772942469,0.03596730920027017,0.0003389183137688874,-0.04274449293398971,0.1769525449193473,0.2805703927804488,-0.15969502214559286,0.0,-0.002004784474043675,0.0027533024229617026
718600,0.11965627011597443,-0.18897479976453962,-0.02572617289735617,0.038443864933405826,0.0387016092258802,-0.013081429141116995,0.10973902779853574,0.11816998943619719,-0.0008321528971593575,0.0018470347111678228
718620,-0.010104475477610531,0.0035265291473770247,0.002152215564740141,0.039317689393150286,-0.024794100815520047,-0.05567469392990292,-0.06163837303693842,0.07763052438135816,5.7002179842679385e-05,6.703893595306522e-05
718690,-0.08423150860548427,0.22989186390451202,-0.0013835228186744569,-0.061993152770270586,0.11210701304046737,0.025281182281907594,0.45891404936107144,0.004822421872569714,-0.0015480250314757193,-0.00016437595856873266
718936,0.1931662692108172,-0.7343313540254759,0.001234122499687035,-0.08776931394198775,0.26777212895956576,0.07921545969200679,-0.5418729625442319,1.1102230246251565e-16,0.001198027432423431,0.0010614901509315947
719050,0.35015236960294877,-0.3025374452850434,-0.1101382010206508,0.12963604660775863,-0.15135217346169094,0.1895761022797572,0.08374413116888947,0.3895856375898585,-0.0013352924748337158,0.002491871269251461
719053,0.0,0.0,0.0,0.0,0.0,0.0,0.0,0.0,0.0,0.0
719240,0.30834389597037604,0.43003435548816404,0.14572516504440008,-0.24722048870273577,0.10880487578651495,-0.8125241730704507,-2.740863092043355e-16,-0.3404806985300942,-0.0044665881141088635,0.0031808194132979537
719250,0.0,0.0,0.0,0.0,0.0,0.0,0.0,0.0,0.0,0.0
719380,0.0,0.0,0.0,0.0,0.0,0.0,0.0,0.0,0.0,0.0
719570,0.0,0.0,0.0,0.0,0.0,0.0,0.0,0.0,0.0,0.0
720120,0.0,0.0,0.0,0.0,0.0,0.0,0.0,0.0,0.0,0.0
722010,-1.2599223074628891,1.0800389982177567,0.1390989773903514,-0.46247513328500167,2.926876073766565,-0.14959407848494055,0.22817360329130876,0.2673237198418705,-0.000572420361172484,0.0006963914488067489
722015,-0.05147691981183355,-0.7878044064717492,-0.05037713280672044,0.1493695166835619,3.469446951953614e-16,0.030137371351777638,-0.09231212929383514,-0.0155685053266062,0.0003719499609373955,0.00015704630505274943
722025,0.00810376729849015,0.001701485593643414,-0.001574591518740926,0.016056656337751534,0.0,-0.007546928131745921,0.005379896859756342,-0.015158824708639307,0.0009625412822873599,-0.00020738652192839845
722026,-0.05833330439149476,0.007963011716508598,0.008386219820877908,-0.06236778741496544,7.762887554996212e-17,-0.006238936830324779,0.1967453632059391,0.03169236235547118,0.0007379443977681803,-0.0002270615823638869
722029,-0.11588827285614108,-0.8078331815891077,0.07281206061746767,-0.28949837356109753,1.4710455076283324e-15,-0.02347810752197842,0.12995345127778482,0.020871175211674295,0.00016554270379953023,0.0010657971015215068
722030,-0.13588079379361154,0.3140632704321772,0.016351152488739366,-0.07744621423149875,1.004391568038847,0.008795916675367135,0.12913524126451353,-0.0012288658534199358,0.00014508739932211218,-0.0003353858519154346
722034,-0.15694786757744447,0.799656968156021,-0.005074522692227083,0.12548774909171845,2.491062911502695e-15,-0.02165371385696868,-0.039849868917325726,0.09372809300693584,0.0003097006370080188,-0.0007961082876438708
722038,-0.12331394610749428,-0.014531543809983496,-0.015720727437560457,-0.040855272702906384,2.7755575615628914e-17,0.057031758920497035,0.08822390598506571,0.06409032221148551,0.0002551669577970175,-0.0017259874299606832
722039,-0.047977060390577156,0.23583508897310723,0.006861350870882336,0.15063785945894298,-1.6653345369377348e-16,0.00934094842647857,-0.04497367513169532,0.010578913289021498,-0.00013104352902074817,-0.0002539125519013148
722045,0.004906076118826665,0.000945350419623128,0.004993470705547713,0.0384767613683582,0.0,-0.02072114732363581,0.015801813713623887,-0.007248177370621269,0.00017100217636019778,-0.004369498598875102
722049,-0.0786852346876236,-0.03230907376588681,0.0540783349680779,0.09588117197219873,3.122502256758253e-17,-0.013262025895240781,-0.3478457379537704,-0.034655815464715384,0.0001930939518759306,-0.00012844855315282538
722056,0.0,0.0,0.0,0.0,0.0,0.0,0.0,0.0,0.0,0.0
722057,0.030191022747961403,-0.4821345028898569,0.04359973515117613,0.013152858068243452,6.938893903907228e-17,0.028823883812223006,-0.060488360223711596,-0.0023298325357261093,-0.0001352138029356171,-0.00016285744033931292
722060,-0.005951525962393564,-0.13770045112340631,0.0015367519361244243,0.01437110050219767,4.336808689942018e-18,0.010799477868704225,-0.012518643362237307,-0.004751716997055676,9.717278730247015e-06,0.00018567058551225996
722070,0.0,0.0,0.0,0.0,0.0,0.0,0.0,0.0,0.0,0.0
722103,0.04442564290089,-0.14356482643546958,-0.025812171477985847,0.14704982853594586,-0.3828727441648226,0.04489425962940834,-0.07778070615251009,-0.05394163818822588,-0.0004783637075260099,0.0006759900157670973
722106,0.043235695283755225,0.023933106235501198,0.020472991753325818,0.03524713548343497,-1.734723475976807e-17,-0.010137984642735166,-0.06345338542071942,0.0013624886788891502,-0.0002276647125353387,0.00019408200795269226
722110,0.11754690403657668,0.09612037829069557,-0.009699916973969092,0.04015809747111844,0.3246719542143181,0.023847168962028396,0.008081880472926899,-0.034034739444358794,0.00015985927693398794,-0.0006447483507223961
722116,-0.02168743560829258,0.23111830996105948,0.02274911937394728,-0.051854920271435116,-0.6810426501264489,-0.027998107605720943,0.031427151383297956,-0.0004960222307612531,8.695317509566786e-05,-0.00043192876607895054
722175,-0.06694855075783292,0.09157623942708573,-0.011185288482895779,0.03661372085906931,-0.44192273092944806,-0.044493675449565485,-0.11710446667924308,0.055889909969810185,0.00048624438738722325,-7.777679655488617e-05
722190,-0.07234649190654825,-0.18449200047197956,0.02799701850821128,-0.013201245842787302,-0.10300847538365379,-0.0017519945363451183,-0.04683111682892663,-0.028458934429419023,-0.00010073949444543845,9.733159695592131e-05
722210,-0.046932497391555625,0.017712676105564627,-0.04076056702943109,0.05500302650584271,-0.10183412444821098,0.07575388238905939,0.10659868324561683,-0.01854441249782879,6.600528047383779e-05,-0.00020909305533016453
722225,0.036688586981951064,0.11786532759931612,-0.006458327489960913,-0.017232211095752698,-0.39726939203240436,0.007694585978066249,0.10181647936523675,-0.03570662250480626,6.394352669555903e-05,7.080039622392323e-05
722226,0.0,0.0,0.0,0.0,0.0,0.0,0.0,0.0,0.0,0.0
722245,0.0,0.0,0.0,0.0,0.0,0.0,0.0,0.0,0.0,0.0
722265,0.0,0.0,0.0,0.0,0.0,0.0,0.0,0.0,0.0,0.0
722267,-0.24049333675245657,0.9772578406964589,-0.09423495656020124,0.038820278289859546,-2.7357421927527428,-0.010849057733148457,-0.03457273434691517,0.029575319361629025,-3.724885480643758e-06,0.003350814441256983
722269,-0.11786492606672382,-0.1875320221656801,-0.004344331749088658,0.030872293819319906,-0.7756014904625315,0.018411499862849106,-0.041784354961083965,0.01612067163462084,0.00035258476514668513,5.802222664386125e-06
722280,0.03771820088308215,-0.9259270487734808,-0.03200953765947021,-0.03865031911330659,0.2931444074666999,0.0344822104917803,0.18314848308805753,-0.004227984224268327,0.0004628071312809401,0.001016847847316326
722286,-0.05507579056260524,0.19628009417085043,-0.025484397091831288,0.011587592396092621,-0.1670364288566039,0.05402392445234482,0.1525567538885611,0.0458562636904488,-0.0013027211535277389,-0.000597275074475767
722310,0.0,0.0,0.0,0.0,0.0,0.0,0.0,0.0,0.0,0.0
722314,0.04568346167573814,-0.11761499828823545,0.009446475385581077,-0.05833632013080941,-0.11404480622425135,-0.04420505349387677,0.09538849828772748,-0.012396561567190078,0.000251230955523124,-0.00025385231488085636
722315,0.06429814794505669,0.14628166665919648,-0.00393035381403592,0.058607495887900374,-0.07055940648108733,0.010322495066397807,-0.032027054310039,-0.04705801504697994,-0.00024930297151510086,0.00038380364917818544
722316,0.20199044345961564,0.12939921754500114,0.014106783789959753,0.0008229188096457981,0.3018266779932964,-0.029216045945487622,-0.04956571322645574,0.00831450239485982,-0.0004129435785618363,-0.0002839398385554581
722340,-0.007580719379468748,-0.2123162199298165,-0.010237462938155648,0.02901552605978446,0.6314450991299636,0.05848241358130054,0.002949831253838035,0.02533244868175945,0.00038584800756574084,9.801424882165729e-05
722345,-0.04093999015850257,-0.0076821755407242695,-0.02065562655755202,0.06257139274531331,0.4282577518859803,0.018485823757656075,-0.06022837695657751,0.007903870192068839,0.00012574244349233127,1.5741415241469353e-05
722390,0.09780092772074868,0.1989432159610437,0.027020219091797616,-0.028504807876720144,0.29285799401495916,-0.04394753218227913,0.02098206031229757,0.009169516151277443,-5.749735728182229e-05,-0.00010215994341511436
722400,0.21872328909794178,-0.7247374462991582,-0.004556223595205966,-0.06014030506226188,-0.2167425616587794,-0.08536562008130058,0.12275152057891323,0.020553658857063572,0.0007927186147428737,-0.0006821973285987418
722410,-0.04870379699927605,-0.07045660143112518,0.016401761238291353,-0.009697569845540361,0.1793972473965285,-0.0011943040402722367,-0.026584732905960362,0.006034124282080486,-9.615163808184696e-05,8.450154080210867e-05
722480,-0.045330770094103696,-0.008171823592992981,4.997825773959914e-05,-0.010836901787599034,0.011642095798149291,0.007098365887052249,0.02381207696354449,0.009579831216823294,-5.3025740588794325e-05,0.00016789155882226102
722485,-0.059021643678004644,-0.061281280280596,-0.005261544350407075,-0.02722432976171321,0.30755070724119016,-0.013775313976779035,0.003927350578910424,0.015729329987144883,0.0001348348277417366,0.0001280059900205157
722510,0.011915785232976504,0.016651773929811466,-0.0037244131884580714,0.005002559633951819,-0.04058861705555516,0.005715435907782892,0.04148768992157738,0.0013497372085342955,3.962164972330651e-08,-8.453895438015162e-05
722515,-0.0038195583596914123,-0.20748088008703447,-0.02109745622071353,0.048286387365402486,-0.5389863822799937,0.03753211662028864,0.0020636502089555375,-0.004515563564560978,2.644518147670947e-05,-1.7651857672001166e-05
722516,-0.46908617250072676,0.16984859656286047,-0.056401254574218074,-0.03599617288128784,-8.376152806527784,-0.0177432043553244,0.5841173842914688,-0.006121420995790339,0.0015225961101934526,-0.0007039669632964533
722536,-0.02969932047355085,-0.10757140022025374,0.01223465644609408,-0.008559806418785749,0.10754585464630992,-0.026600912140199225,-0.1277378103077539,0.004027876064805087,7.267363817881067e-05,-0.0003759698910995022
722580,-0.0010291477987456267,0.001398073335594062,-0.0007969932061424721,0.0027517950557528806,0.0023950977286955975,-0.00830614379206398,0.002447744074856067,0.0018348985959423954,-1.848604499490819e-05,-6.466913074329853e-05
722660,-0.38736334862011107,0.9255848939951323,-0.048041010810501744,0.005492162613880006,-0.24630460718310287,0.15338074016310602,-0.044713867480757875,0.17651122730314608,0.00024355624674665677,-0.0016494689023670017
722680,0.020211228658328025,-1.2722433391486963,0.164888338874457,-0.2667500757339849,0.11813524818874951,-0.23851607002392164,0.22897766985336596,-0.43350375756590986,0.0006189119960653532,-0.0010295605397217626
723030,-0.00040126241403116015,-0.01199534397415033,-0.005065442730707978,0.032484445960858505,0.2723184859490483,0.02782428188258745,0.013369775922826165,0.004941258195415318,-0.0003613620270581587,0.00021269284561793484
723080,-0.2316894709032439,0.07883580058544895,-0.04856407596680884,-0.030026658742221404,0.3141962784761005,-0.02707019298913725,0.06283510567337482,0.11694705617325363,0.0013116062218671704,0.0006332038389764705
723085,0.13976919810872204,-0.959673912213763,-0.007975189611379507,0.05925968373913277,-0.18820299969287493,0.07760331748527015,0.007008500989905757,0.026363323579848878,0.00010908082726150681,0.0014598738333692074
723095,-0.5098826651995847,0.24461462560517291,0.08622849769572596,-0.21422204381265125,-0.14557815526984083,-0.17197259964398404,0.14472188093806201,0.11178067020200685,0.0007999237736728175,0.00024705652528841953
723106,0.18225215159432678,-0.4802505006439678,-0.002756308205453745,-0.006815947451245299,0.11881284208250895,-0.07853554448916299,0.0890964697941191,0.010691514645294393,-0.00028458508960449436,0.0010590975588438412
723110,0.1092703338574039,0.15527007727969389,-0.018575722615201185,0.07504277304740788,0.20533545226941424,0.04816885730476748,-0.062150347574330904,0.03384562021890885,0.0002168515101650531,-0.0008690379371043555
723170,0.0729223071114395,1.9390075472558383,-0.00987969483256948,-0.03514983337774255,-0.35501004823255927,0.023291508122901317,0.24082333895591382,0.13627338632984076,-8.117250165484008e-05,-0.004040253250677729
723240,0.0,0.0,0.0,0.0,0.0,0.0,0.0,0.0,0.0,0.0
723270,0.0,0.0,0.0,0.0,0.0,0.0,0.0,0.0,0.0,0.0
723403,-0.2163247742914293,-0.02176659085098503,-0.007910449418399504,-0.008083381355892273,0.04566673022565624,-0.009325527529593203,-0.04039508194150476,-0.028719028657446827,0.0011446343881971444,-0.0010213859241206867
723405,-0.24667159783461035,0.7301417813188839,-0.027686138497848456,0.3645291953193279,-1.2075087140543699,-0.054297994663880036,-0.04391677542648761,-0.13475099016619846,0.0009733284267915698,0.0025608533558602042
723510,0.03410715727555536,0.07547511535091525,-0.06731788539684515,0.09899397527466844,0.21382754050516076,0.04919882872863343,-0.06725264192935572,0.06186309619007725,0.00011432478625941073,-0.0003732709549150769
723520,-0.07217138185371036,-0.35642360817649277,-0.05287129733827659,0.026608970560960964,-0.06977579422099392,0.028857513758938726,-0.0022156322088750587,0.09951596250736686,1.3451948867079788e-05,0.0005192845255733471
723530,0.03197550508006781,0.30661275266102156,0.00553706519996926,0.030595424976770747,0.13087380622853031,0.03338601271101057,-0.0702239392309469,0.009169176075691286,2.1926163972375845e-05,-0.0006719190251098875
723540,-0.0033656250353563265,-0.3843265709271049,0.07201784865764226,-0.12017268991086062,-0.09849601449639757,-0.014195573001705371,0.16233243250928614,0.028191193825151777,-0.0002441270944474039,0.0004233047078823584
723840,-0.6680092226896317,-0.03590928844575036,-0.10098079345563724,0.009965065764386735,-1.029607604531682,0.6160476099429865,-1.2846296315526124,0.2936046634916464,0.00024319927537651276,0.0014908828234899696
723890,0.007044210777286809,-0.2781595601789237,-0.026948974207874767,0.07940741728215198,-0.2107104638396543,-0.03824367578678447,-0.11794969117485463,-0.04036291141785078,-7.672741722539178e-05,0.000504037204492735
723925,0.054326173072079764,-0.03636701132687466,0.013828385024660887,-0.03809201806111882,0.2654404425302166,-0.06520502870252627,-0.06713484456478572,0.008114574470120395,8.931041119583996e-05,8.395326794490704e-05
723930,-0.14986235750498758,0.3097714047899525,0.03540773740195208,-0.0015748991507007117,5.412337245047638e-16,0.3131440126878049,0.9364031714084176,-0.0863902876244707,0.00012300909792239967,2.8260029683022103e-05
723940,0.04486023677672831,0.004886915289385205,0.01048444418659416,-0.020917880948665736,-0.06958090393037471,0.056168460293995436,-0.003301193488424048,0.020537365752220968,0.00027977400492794693,-0.000323751916021707
724030,0.05373763968055954,-0.15330299785470222,-0.006452286239850798,0.006026190753517228,-0.04820302322300371,0.000867997282029166,0.02994831841635483,0.010979132752951835,0.00033486978732158446,0.00022746454188739967
724060,0.2281461813124161,0.5057719907108461,0.017102565712648815,-0.014498143172999897,-0.07787934570240872,-0.005364526621855783,0.17739947821835755,-0.103964170233293,-0.00026979716161754097,-0.0017702001126281147
724088,-0.29163880801637376,-0.21125303996659525,0.0437789929349366,0.13025527652206415,-0.027761944693994494,-0.10456177063269805,-0.09674926645563256,-0.041477373986222685,-0.0024939853690453605,0.0029697956322696476
724089,-0.002942454070039101,-0.000880844987403257,-0.022519560816582854,-0.010855388988334193,-0.011139404131233979,0.004138635296496167,0.002197329988530757,-0.0014934464540590636,-0.00024881719696080067,0.0038360083109830103
724100,0.0533130300876959,0.17525127078642236,-0.0027656904858083214,0.018591763305305084,0.11834708473749886,0.02644835332377311,-0.017878935906445906,-0.04034465585255016,2.8302679462766447e-05,-0.0003465976951589622
724230,-0.17988880756512188,-0.43177732068161045,-0.1167027172275688,0.04512581735649173,0.1042760140484456,0.016327708839025595,-0.010340393806348639,0.1859818201052366,0.0004331854398915702,-0.0010462703358818243
724290,-0.010246462782713652,-0.014458630079379689,0.00209109965733129,0.02137973728061458,0.014693740727264142,0.030744876389899596,-0.05585242485586844,-0.0026373702112753336,4.0369458105607436e-05,-2.471607171544146e-05
724338,0.0,0.0,0.0,0.0,0.0,0.0,0.0,0.0,0.0,0.0
724380,0.0,0.0,0.0,0.0,0.0,0.0,0.0,0.0,0.0,0.0
724400,-0.01591763493147564,0.04683131643206539,0.018475127432467753,-0.03683991270042673,-0.014789107583162996,-0.03019720402195574,0.01894000044838019,-0.021034876093162343,-0.00021934366112497626,-0.0005377781606644844
724460,0.0006405760550777772,-0.03201368210448828,-0.006654669792975286,0.071537557235784,-0.06912587151267507,0.18599328725489858,-0.0028600566951653477,-0.19698147797123525,-0.0021211219109233304,0.00255392278750192
724490,-0.029703744831948167,-0.4638706710311111,0.007629728141311695,0.05208829461034184,0.02675693071527842,-0.0029544652320472858,0.08569889913714153,-0.12045709005783256,0.0005784886995740136,0.000749828310884524
724500,-0.7109845660848355,0.4391083647252568,0.02729098903084058,-0.16391588546206828,-0.1580324793141736,0.03322847615517579,0.1515454475073498,0.027095522731971106,0.0005142851761746983,0.0012423830230908327
724586,0.018547029153168606,-0.17069734776431034,-0.018376204147339942,-0.04999324046811856,-0.106264351837963,0.06524956944256084,0.19869773795109566,-0.054985855512557434,-3.004471319449642e-06,-0.0009001573929822383
724650,-0.23967971378047664,0.06097170909278885,0.005878898782318698,-0.1966163545541928,0.18942301898297598,0.020456722612220365,0.020271996570438013,-0.24298005137852988,-0.0018065119104127836,0.0009321178593284102
724660,-0.17461009584012038,0.5274019239988755,0.005764288012921846,0.04592894861704985,-0.07818311828071807,-0.001339810788075792,-0.10262020506065925,0.10912680872914725,0.0002935888786521901,-0.0012855107962275042
724698,-0.019688204738807228,0.17304214200683582,0.002048250709899944,0.056270218924016305,-0.030019554656318392,0.020740366094201095,0.054029678227005974,0.004758158643638951,-0.0002673189674856531,-0.00012467169370565523
724699,-0.053491587511880545,-0.20198135847885118,-0.05416548500475872,0.09999050908578978,-0.0002727613348992749,0.02634012878131292,0.09547350732791954,5.551115123125783e-17,0.00019150742062323117,-0.000547267607209934
724917,0.0010479084054295083,-0.00040464869064981367,0.017214077445066173,0.010706969847243283,0.0,-0.0009680787841848908,0.0005655562348786493,-0.001472062703378132,-0.003008739167715161,0.002053002361771926
724920,0.10071000514814397,0.024355444237787703,0.015535124632309709,-0.005405791012013008,0.017427750082672895,-0.11354697386856241,-0.051324355108839356,-0.11187259775699078,-0.000517677962774202,0.000714886564682952
724955,-0.41652992105633635,1.5287086187971055,-0.028253572088287774,-0.14216686901351278,-0.6413466823924938,0.17897585640808072,0.7699424936042647,-0.042049132137422354,-0.0014866385624019984,-0.00010422046067994073
724957,-1.2899816038157843,2.84130864479288,0.16420879342864061,-0.2285652042657438,6.350070159985638,3.874027214829149,-2.908178572663651,-0.29759959993367946,-0.00943166120282235,0.016849594833355797
725061,0.0,0.0,0.0,0.0,0.0,0.0,0.0,0.0,0.0,0.0
725103,0.0817348904147118,-0.2185394888930359,-0.09619053987133591,-0.06521002511916024,0.140320915887721,0.00898146972733598,0.1904308534773465,0.07146389195821583,0.00014190921909545615,3.195459485592911e-05
725197,0.0,0.0,0.0,0.0,0.0,0.0,0.0,0.0,0.0,0.0
725290,-3.059476081889767,3.5348808545845936,0.7647069711847592,0.4412279891560942,-1.01267314268106,-0.45012058842331504,-1.7918251265426735,-0.2685123019825192,-0.0020500784781232184,0.008640296576113204
725337,0.0,0.0,0.0,0.0,0.0,0.0,0.0,0.0,0.0,0.0
725340,0.039566437666572175,0.07601503695261963,-0.002284681065196443,-0.005130988865369463,0.10618362267610848,-0.0133931937585904,-0.1472086379738379,0.045452080931241534,0.000988366679991512,-0.0009426996350292358
725460,0.03716964204841182,0.6560266747739136,0.010050438664216803,0.1313711558243495,-0.22708604299111163,0.009053608885945988,-0.08375540282957375,-0.003615114328979224,-0.0010105384409051926,-0.0012344059348338762
725480,0.04809063362087899,-0.09559779967572134,-0.004421198301242094,0.03212817444622105,-0.02207911015207639,-0.0776772920797339,-0.039159431652468185,0.17700359732200122,0.0009955068120517398,0.0010003162547520636
725570,-0.026229223714371554,0.1334148191506697,0.02445983282899748,-0.0634503279989269,-0.028446674528104676,-0.0334989932651461,0.06716144796053418,0.007035992387926525,3.621594919747673e-05,-0.0003107712460093878
725620,0.1860193311853629,0.06268175953861117,-0.025347674148950797,0.05750075034851193,0.21900839780626194,-0.06656958885210475,-0.13032363368567426,0.174858564774303,0.00011191382662498195,0.0007062789484903048
725640,0.17677299511447947,-0.2333061032876638,-0.001828527778097987,-0.012063282020266719,0.06307732149431902,0.013273198862689996,0.009412008260043814,-0.23699981882321272,-0.0003450205540407869,0.0007640544032105276
725650,-0.26648542516882545,0.02346333701729077,-0.0904739744442748,-0.1456446289501215,0.0038655080802703244,0.17962049937332114,0.17970992407843303,-0.0028582485980223637,-0.0008099994929201733,0.0009891766194488197
725780,-0.1454618235636243,0.3190922096298277,-0.0004160846463890618,0.04818513815837605,-0.024733675198727396,0.05391473827789595,-0.067146642393843,0.015151008473242156,0.00040512189215044514,-0.0011665593382626516
725846,0.02230637844247324,0.1276072865947091,-0.002084342412983574,0.0006038633650378302,-0.007707533108927645,-0.02645797338838068,-0.06741640553984929,-0.0028219625651065574,-0.00028553591817248467,-0.0004841565594521424
725867,-0.05094140881314673,0.05938137466560021,-0.00043477473265903877,-0.017959025745953896,-0.01951631370035192,0.028382549228916944,0.04722304293907351,-0.009398467770311182,-0.00024149237205555818,0.0002660836611909237
725910,-0.004838482191365597,-0.4755820466628211,0.009597232978525352,-0.016346395302342907,-0.28531668733792437,-0.2265914177815223,0.3361875432421451,-0.07816688111300085,0.00021863595129685467,0.0015827417099224933
726370,-0.5615552579068402,-0.7271249422096022,0.04632030254530463,-0.15027566071704185,0.015008060072216382,-0.15223387831620136,0.01944203228432102,-0.0002625881404488299,-0.0009610685490266113,0.004838415364134263
726410,0.08549544762638993,0.38982284801460154,0.034545452778976124,0.034862312334005365,0.020402291573914134,-0.0030233773461035103,-0.14343707111004234,-0.00243761680365916,0.00012552396024561457,-0.0006499282871180179
726440,-0.10740905395219617,-0.22589001289920962,-0.006313874346818437,-0.006809663378738408,-0.019254333847774145,-0.0032880502442280894,-0.008747057835329655,0.04609970738163739,0.00040653699913836827,8.257564923698502e-05
726505,-0.021207910272689614,-0.12953616641252735,0.005761616234584946,0.048834969450361775,-0.045978301564062844,-0.04792343633784759,-0.0044279801512792415,-0.011248975954381573,0.000678494153434725,-0.0004974456767598591
726510,0.18870822156338557,-0.35441951371800295,-0.04157526000922089,0.06282662059907923,0.0242065633271934,0.018169608924990824,0.030088016802192433,-0.009363890513956355,0.0002751076010859832,0.00018825078438047815
726770,0.031486991622031495,-0.0984239515932003,0.04673695211698247,0.06916303453629975,-0.03369029392190318,0.06032042686273818,-0.10844542122176026,-0.32315623660931647,-0.0012996313442471576,0.001153826992259424
726810,0.02930113706383317,0.5720290914591646,-0.012863753561376591,-0.006020986408112246,0.08263991441097218,0.010496237736785928,0.36373611662779043,0.3346726923958018,0.0002851174008047068,-0.0021431969141407006
726940,0.2867633958480178,-1.022597538751069,-0.003479106214573675,0.04472914023737374,-0.06029302036670139,0.6581057454030775,-0.1607270900303244,0.08126711443470609,0.0010514414209055745,-0.0028074544159658876
727570,0.0,0.0,0.0,0.0,0.0,0.0,0.0,0.0,0.0,0.0
727575,0.0,0.0,0.0,0.0,0.0,0.0,0.0,0.0,0.0,0.0
727920,0.0,0.0,0.0,0.0,0.0,0.0,0.0,0.0,0.0,0.0
727930,-0.15720654215402233,0.13517593797756752,0.015008503831163858,0.0007733465015275845,-0.04451948330810817,0.0959989203161386,-0.4373413836012608,-0.0008913693413768759,4.186090973633261e-05,0.0004883361886999504
744655,0.08904788404678163,-0.0709611745404189,-0.006244154778433344,-0.04396717033384513,0.07943535387584602,-0.0027933290332577336,-0.060291310720121304,-0.025625526451434583,-0.0004530344139312137,0.0003563711989172033
745700,0.0,0.0,0.0,0.0,0.0,0.0,0.0,0.0,0.0,0.0
747570,-0.012614302109289398,0.0003550115440971849,0.012309444769740711,0.04180965831488431,0.003946287759633065,0.05435125387886754,0.03216901439966912,0.009212921590301022,-0.0004257671295464186,5.8643908204841994e-05
747686,0.0,0.0,0.0,0.0,0.0,0.0,0.0,0.0,0.0,0.0
747750,-0.2222538891721292,0.19116958024354933,-0.027007832973827087,0.15373937318378927,-0.44629331929440624,0.015015856932484847,-0.014249175717278975,0.053438668225034645,9.63479715316573e-05,0.0006963417145430875
747770,0.06618979506474615,-0.39567186321417924,0.009926983819715235,-0.11453636842325267,0.2962524363173421,0.026553300615127253,0.0640040300820539,-0.03924998807326632,0.00011984137367535008,0.00034407262136977243
747810,0.24367734135520683,-0.5237340820281858,0.013350404382897576,-0.2177789464742096,5.67204772079391,-0.20020993814054983,0.40910407865189186,0.09494980578630816,-0.0023593212894215676,0.003326430258243279
747830,-0.0004724864887236176,-0.006625619756478079,0.03321631193052278,0.027942236031968392,0.0,-0.07950497731187518,0.007571036375803059,-0.017650480262188004,-1.3780029181440054e-05,-0.0007954647327615041
747870,0.004291490025784486,-0.0009536431248818273,-0.009645255056410932,0.018647333818665426,0.0,-0.026675184360777055,0.007025502862496991,-0.004414243137493125,3.1310402271989804e-06,-9.514865872446205e-05
747900,0.04045834990709998,0.11565758211825855,0.00492229707542191,0.027512326724660058,0.16621618704750318,0.0359624411162158,-0.066603319979774,-0.004528643666139046,0.00022678430095973354,-0.00036158932735256416
747950,0.13877800148265504,-0.11767628704081858,-0.0019783864239443813,0.13933830985763965,-1.3877787807814457e-16,0.04789353240440381,-0.28981327719950783,-0.03640457769500683,-0.0006555511727389107,0.0009792941771934321
766870,-0.0042547642310443645,0.6493169265076556,0.0022164618633884123,0.00706495232319227,0.012197191721253588,0.06342631728681487,0.009425901713132314,-0.01491644526140215,-0.0004697181811050212,0.00047673579535062243
780620,0.0,0.0,0.0,0.0,0.0,0.0,0.0,0.0,0.0,0.0
782290,0.04601263181197817,0.019336450588881463,0.06085117315208731,-0.701102718751895,-0.6408205798127824,-0.08684290439951636,0.6394530673899678,0.012671146488722043,0.00029896451730933706,-0.0004131039991767632
782550,0.2922877270679155,0.9009235669572493,0.08924819632151214,-0.16068877635203369,1.196959198423997e-16,-0.2396419004381754,0.0018707777676334858,0.014695595863262068,-0.0011188661315874315,0.0004693437448425042
782623,0.13448495981256747,-0.5040512091721217,0.04700402044989198,0.022636532351983985,-9.020562075079397e-17,0.43034514708014704,-0.05294611408981279,0.0,-0.0005319697289004055,-9.226473992565709e-05
785263,7.250925853692778e-07,-5.767481278990657e-07,-2.2320372517056976e-05,9.027351265788304e-06,0.0,-3.6254629268546196e-06,5.003035994899863e-06,1.9562955458141875e-05,0.0011196859901722925,0.000809121772516878
786150,0.09026947925696249,0.004743426276633663,-0.06275872605640057,-0.019424424001631316,9.71445146547012e-17,-0.11018716929876679,0.0,-0.018416954309842522,4.574942626936911e-05,0.0004514296695397382
787620,-0.16458285696179342,-0.12975372326988902,0.07878985900912408,-0.12050678166397596,0.04265500775607066,-0.0357508393293987,0.09267918140065434,0.0010307286685037986,-0.0001508552959707371,-0.0004455467213655734
787930,-0.07243197125759687,0.0004024074399792688,0.04097218058741615,-0.3671157481016618,0.1865506485483917,-0.02774313943709029,0.4204684794790605,0.06459625604055877,-0.0006304905715516112,0.00012655800046656212
800220,0.0,0.0,0.0,0.0,0.0,0.0,0.0,0.0,0.0,0.0
800280,0.11936430242022003,-0.846726182356174,-0.01122357111876227,0.022013499957946082,4.0419056990259605e-16,0.022868573363175645,-0.026440032517895874,-0.0076609357839172495,0.00011827730700512962,-2.3737831353606853e-05
800360,0.0,0.0,0.0,0.0,0.0,0.0,0.0,0.0,0.0,0.0
800910,-0.12034827724834847,0.16583092656207196,0.0246038727556994,-0.024224260307065884,-0.0786072796963602,-0.00206421572130024,0.05888629458147198,-0.007329382566022696,0.00015013301900891618,-0.00018770277263677193
800990,-0.01473259061239062,-0.011948842553959177,0.012144942132111548,-0.03704736022346086,0.052205175744304305,-0.017938564145741635,0.06874342918222066,-0.021384226172145533,-5.0038834560447304e-05,7.703697826837164e-05
801490,0.0,0.0,0.0,0.0,0.0,0.0,0.0,0.0,0.0,0.0
802100,35.917905699381905,7.581328251667699,8.017256352152451,-11.323244208855904,-294.7491372680636,-14.566410664983437,4.516435858046024,-0.1691026766529589,-0.024855851403856377,0.013541548518135826
802140,0.10646015410069629,-0.2998354506700216,-0.01687616520034894,0.06209658653860946,-0.6688586794447082,0.0018667372023977767,-0.08184057884930553,-0.04353976261001576,-0.00035526596615712003,0.0006071512404673268
803420,0.048247974768930516,1.7381956297795964,0.03369453899175463,-0.020744531964378487,-0.7842418756512316,-0.3718648714455141,-0.05690356039373316,0.19724736329164425,-0.0009207177600867381,0.00031614033817384604
812253,0.0,0.0,0.0,0.0,0.0,0.0,0.0,0.0,0.0,0.0
837670,-0.004606683780455872,-0.0020563000657220962,-0.002542508848421241,-0.0037154207042496405,0.0,0.0014805532092791328,0.004650406776680169,0.0,-0.00037410872023950357,-0.00012398420301138157
840710,-0.10377340601531211,-0.024449309614468326,0.00825799084100039,-0.0050430888833528685,-0.02753641286895983,0.01922057525355801,-0.014671218252659053,0.01680566033014207,0.00013083467945618758,-0.00010713833555767849
840720,-0.00027249527705044263,-0.00016717461570329322,0.0046646733990802795,0.0035927866930510065,-5.075409669536824e-05,0.00283120679800621,-0.0003536856750235507,0.0020537696479351426,-0.000905607325704056,0.0013136358437777099
850430,0.011965232759956212,-0.19333685052940136,-0.01286428939778201,0.32317326227637677,1.5959455978986625e-16,0.02305688522270855,-0.1753195433683559,-0.023622103780377737,-0.00014297436632577758,-5.006233961877757e-05
852010,0.037535714789353546,0.1609611677214178,-0.015593422648851052,0.016904106603474803,-0.016261563464999493,-0.016807414983944953,0.010752381664593367,0.06919459865533918,-0.0003809210154162232,-0.0006398786737650181
865300,-0.08108709500965984,1.4196347909021434,0.13655430447117772,-0.7128945418647006,-1.293845942251435,-0.07482884752484718,1.2635403359658015,-0.007405259924779229,0.0023419071029422422,-0.004418137561822105
870470,0.8872580755128057,-5.9569740584760815,-0.1218815311953422,0.1289515268104,-0.28184927338197097,1.044434180508103,1.962728879105894,-0.8931529100072474,-0.0019107342977917607,0.00020962194383150612
871620,-0.02334940780945084,-0.1986191975729872,-0.01672150944592718,-0.01422553493588379,-0.11045040816689376,0.02584163525806827,0.37111395416252874,0.024177485863873967,0.0002500222162617055,-0.00017786680963365574
874360,-0.03715271377540729,-0.05792664074021171,-0.029767642157491885,0.0263792761968222,0.03145156468563082,0.01514967930271934,0.18994388220461655,-0.0007497937564098211,-4.878895520152304e-05,0.0001282489457590033
879250,0.06534219969248614,-1.4036778157786614,-0.022013994754623047,-0.006040790867328602,-0.1325098396448767,-0.5711132799248572,-4.718447854656915e-16,0.05003116908019004,0.0012749197034526566,-0.0007866305292864428
890550,-0.020178290419615653,-0.07272393931208584,-0.0029307517187637973,-0.0025309750873972045,0.0081946169525832,-0.3429336837518386,0.621191436792549,-0.01521233064365557,5.321024438538491e-05,7.524556068543367e-05
911650,-0.011540872785531363,0.40339867921554984,-7.357598289253926e-05,0.014312905371493637,-0.02416293260250354,-0.0023350596292959647,-0.1507292626004493,0.015128834963015888,-5.493092257865878e-05,-3.951050150207899e-05
912120,-0.11077796816260173,-2.648561548125993,-0.06765939921645478,-0.010905710558940605,1.8041124150158794e-16,0.024123103751202128,0.01176926304351507,0.10665203825713256,0.0011642591572227495,-0.00045797253835245383
912180,0.05369438267942563,-0.09464993795214761,-0.003903395979591086,-0.042778174489061044,-2.411265631607762e-16,-0.02124886201390509,0.05044342202552567,-0.014703634621444577,0.0003050518586587142,-0.0002605841972400866
943660,0.0,0.0,0.0,0.0,0.0,0.0,0.0,0.0,0.0,0.0
947760,0.028366339480114713,0.02688086782202661,-0.020643832079308075,0.05554884049434739,0.02368142223777099,0.01273868564312376,0.31034515137112634,-0.022774368321917836,0.00016729672929824066,0.0003231423160212545
949260,-0.03900292137163178,0.17627085088360023,0.0075489425848328795,-0.05885523364286352,-0.04488545385918937,-0.0368018491152681,0.14358636242392803,-0.05216345675048627,-0.00024950973920596226,0.00011919432930943517
961090,-0.031094716657390567,-0.5133141950370907,0.0025374175996674474,-0.0034860859246017267,0.32150546559532805,0.01768223371270661,-0.07105054987723161,-0.002690072549867827,0.00016186344149197313,-5.021270700644384e-05
965250,-1.244170877164722,-7.891386771511094,-0.2627561024488355,-2.703865705981644,-0.5968833987903789,-0.058975764523228676,-0.14454885480613883,0.27822839183376025,0.0032612829655427333,-0.0017036453338006297
965650,-0.0028675980993801095,-0.5392722095522234,-0.010901765161703313,-0.050835166072553936,-0.5317538597974389,-0.011614158400237376,0.07532022214779435,0.0144299600620601,0.00013840528116518085,-0.00012186130643670936
966450,0.40099912422665757,3.0819338141582424,-0.0011535168102153577,0.26839503693126066,2.4841240175987878e-14,0.14970089317405313,-0.03198164070000139,-0.22902816459287545,-0.0009104397140617948,0.0013246920633261383
987510,-0.08990826572978161,0.6304451124776452,-0.013862313329905417,-0.046110764490081356,-0.48704162454332617,0.04648716659803024,0.12836237638318404,0.029845074613218007,-0.0005562420885756175,0.0007282153138144509
